{"0.2": [2.6938748359680176, 3.142673969268799, 3.4630279541015625, 1.447972059249878, 0.04926249757409096, 3.2161614894866943, 3.2498598098754883, 3.5066230297088623, 2.8052709102630615, 1.5415120124816895, 3.1922097206115723, 2.4984145164489746, 2.850797653198242, 1.6513392925262451, 2.963663101196289, 3.344419002532959, 2.599074363708496, 3.4145123958587646, 2.7232987880706787, 3.1410183906555176, 2.6766247749328613, 3.7391562461853027, 3.409534215927124, 2.9155802726745605, 3.3028011322021484, 3.249662399291992, 2.979527711868286, 3.5370936393737793, 2.8155388832092285, 3.5427465438842773, 2.786214828491211, 3.763152837753296, 2.927129030227661, 3.340935230255127, 2.856922149658203, 3.085947275161743, 3.1045725345611572, 2.9756040573120117, 2.607943296432495, 2.6471238136291504, 3.514157295227051, 3.589336395263672, 3.197822093963623, 3.0595362186431885, 3.456313133239746, 3.1598830223083496, 3.0954551696777344, 3.368570327758789, 4.522326469421387, 3.599125385284424, 2.589496612548828, 2.7232043743133545, 3.217761754989624, 2.739841938018799, 3.2483229637145996, 3.3385634422302246, 3.1003634929656982, 3.023906707763672, 3.407078742980957, 2.988389253616333, 3.2034482955932617, 2.913699150085449, 3.652137041091919, 2.751250743865967, 3.414395809173584, 3.6857454776763916, 3.299905300140381, 2.804738998413086, 3.0810022354125977, 3.22393798828125, 3.3738276958465576, 3.137881278991699, 2.9739744663238525, 2.8744683265686035, 2.9028923511505127, 3.170309066772461, 3.6376547813415527, 3.6451382637023926, 3.216080665588379, 2.7514255046844482, 3.0356216430664062, 2.7680439949035645, 3.711688995361328, 2.7209019660949707, 3.46096134185791, 3.4883203506469727, 3.143366813659668, 3.3557677268981934, 3.3109776973724365, 2.9496912956237793, 3.0851378440856934, 2.6634063720703125, 2.961059331893921, 3.6156420707702637, 3.8008110523223877, 3.354861259460449, 2.4360499382019043, 3.551663875579834, 2.4951233863830566, 2.6697216033935547], "0.1": [1.1328670978546143, 1.524381160736084, 2.6695876121520996, 2.076597213745117, 3.0060131549835205, 0.010442890226840973, 1.899364948272705, 2.6585581302642822, 0.3963700830936432, 0.28524720668792725, 1.1741106510162354, 4.726037502288818, 0.38114434480667114, 1.77097487449646, 1.432016134262085, 0.1505865901708603, 1.103953242301941, 1.6185063123703003, 1.1180806159973145, 0.06730782985687256, 1.4965667724609375, 0.0008317462634295225, 8.767074905335903e-05, 1.4077831506729126, 3.453413486480713, 1.6996073722839355, 2.994515895843506, 1.3231309652328491, 3.2228660583496094, 2.4582953453063965, 2.93302321434021, 2.203962802886963, 1.5382719039916992, 2.2700960636138916, 3.094890594482422, 1.148749828338623, 0.002276877872645855, 2.731248378753662, 0.0022631841711699963, 1.5780755281448364, 1.84797203540802, 1.315940260887146, 2.6598877906799316, 3.4112634658813477, 2.5887515544891357, 1.5385758876800537, 1.3746962547302246, 1.9142557382583618, 1.552371621131897, 3.1285901069641113, 1.6718735694885254, 2.9802313861182483e-07, 1.3441977500915527, 1.7371137142181396, 2.5201961994171143, 1.136028528213501, 2.545013427734375, 3.53353214263916, 3.4108171463012695, 1.2023324966430664, 2.5835952758789062, 1.7227873802185059, 1.6300166845321655, 0.0, 3.0020484924316406, 3.5855209827423096, 3.3203439712524414, 6.573960126843303e-05, 3.105499029159546, 2.9690396785736084, 1.1516422033309937, 1.5580040216445923, 3.8635406494140625, 3.225768804550171, 0.0, 1.5011975765228271, 3.4541096687316895, 2.691242218017578, 2.8070569038391113, 0.0006331367185339332, 3.641942262649536, 1.9793399572372437, 1.8361421823501587, 4.047601699829102, 3.2054710388183594, 1.3503283262252808, 2.9944372177124023, 3.110548734664917, 2.918220043182373, 2.8998918533325195, 1.5818105936050415, 3.1461644172668457, 2.7406868934631348, 3.2985963821411133, 1.7457146644592285, 1.5207256078720093, 3.644163131713867, 3.2358238697052, 1.5445131063461304, 0.0001377869484713301], "0.05": [0.6025844812393188, 0.012753361836075783, 0.35569825768470764, 0.008713798597455025, 0.017869599163532257, 3.981482223025523e-05, 0.13955844938755035, 0.0022926146630197763, 0.003081750124692917, 3.508141279220581, 1.1592224836349487, 0.2708717882633209, 0.2642110288143158, 0.03111371584236622, 0.0, 0.0, 0.037079107016325, 0.3063766360282898, 0.7641494274139404, 0.39220574498176575, 3.810331344604492, 1.1431727409362793, 0.696712076663971, 0.6669881939888, 0.0010170122841373086, 1.001348027784843e-05, 1.087550163269043, 4.1125560528598726e-05, 0.00037562139914371073, 0.024678420275449753, 3.635751272668131e-05, 0.7313138246536255, 0.0, 1.1920915312657598e-06, 0.0007553352625109255, 0.5520785450935364, 2.443784524075454e-06, 0.0, 1.2159737348556519, 2.503388714103494e-06, 1.5628883838653564, 0.6383906006813049, 9.482199675403535e-05, 0.0001997548679355532, 0.7795173525810242, 1.02816641330719, 0.0, 0.03585922345519066, 0.0, 0.9272729754447937, 0.018088966608047485, 0.0, 0.0009218296036124229, 0.0, 0.7354833483695984, 0.0, 0.5682899355888367, 4.048280239105225, 0.0, 2.680255651473999, 0.0, 1.3774064779281616, 7.748597568024707e-07, 0.8316590189933777, 0.0076493206433951855, 1.647829294204712, 1.378771185874939, 0.00878230668604374, 0.000249144941335544, 0.0033949727658182383, 0.0, 1.6957389116287231, 0.998020589351654, 0.8016117215156555, 0.7388582229614258, 0.7413582801818848, 0.0, 1.5389988422393799, 1.9116556644439697, 0.7562397122383118, 0.0, 0.0007122535025700927, 1.6506613492965698, 0.8976327180862427, 0.7998268008232117, 0.00018307195568922907, 2.5139546394348145, 1.8730754852294922, 5.364415187614213e-07, 0.9890695810317993, 2.106070041656494, 1.9991652965545654, 8.194967085728422e-05, 1.1737347841262817, 1.1895561218261719, 0.0001457121252315119, 0.6553623676300049, 1.8599491119384766, 0.9272459745407104, 0.0], "0.025": [0.13190734386444092, 0.008645379915833473, 0.00539630139246583, 0.0013410510728135705, 1.8417620594846085e-05, 0.00014500750694423914, 0.0002112557995133102, 0.0010435415897518396, 0.0005311475251801312, 0.00012849230552092195, 2.956337084469851e-05, 2.545068673498463e-05, 0.00010096506593981758, 0.0001068034180207178, 2.008639057748951e-05, 5.650356979458593e-05, 6.979218596825376e-05, 6.192650471348315e-05, 2.121889338013716e-05, 4.571467434288934e-05, 3.164910958730616e-05, 5.3522977395914495e-05, 2.729845800786279e-05, 1.8358063243795186e-05, 4.649140464607626e-06, 4.231919774611015e-06, 1.6450650946353562e-05, 1.549718831483915e-06, 8.106196219159756e-06, 1.3351307643461041e-05, 4.47033471573377e-06, 7.5697612373915035e-06, 2.801412392727798e-06, 1.2516961760411505e-06, 5.9604641222676946e-08, 9.53673520598386e-07, 2.4437852061964804e-06, 3.993496193288593e-06, 5.960462203802308e-07, 1.7881392011531716e-07, 8.940691600400896e-07, 9.536738616588991e-07, 4.768369876728684e-07, 7.152555099310121e-07, 9.536737479720614e-07, 7.74860041019565e-07, 7.748600978629838e-07, 4.768369876728684e-07, 1.4305095419331337e-06, 7.152553962441743e-07, 6.55650637781946e-07, 1.7881392011531716e-07, 5.9604641222676946e-08, 4.7683693082944956e-07, 1.7881390590446244e-07, 4.7683693082944956e-07, 5.9604641222676946e-08, 1.1920927533992653e-07, 1.1920927533992653e-07, 0.0, 2.9802316703353426e-07, 1.7881390590446244e-07, 5.9604641222676946e-08, 4.768370445162873e-07, 1.1920928244535389e-07, 2.9802316703353426e-07, 5.9604641222676946e-08, 5.9604641222676946e-08, 0.0, 2.9802316703353426e-07, 0.0, 5.9604641222676946e-08, 0.0, 0.0, 1.7881392011531716e-07, 0.0, 2.9802313861182483e-07, 5.9604641222676946e-08, 0.0, 0.0, 0.0, 0.0, 0.0, 0.0, 0.0, 1.1920928244535389e-07, 0.0, 0.2838820815086365, 0.312199205160141, 9.285541455028579e-05, 3.874286903737811e-06, 0.00017038169607985765, 0.12436792254447937, 0.001059477566741407, 0.027581453323364258, 0.0013071063440293074, 1.0371146345278248e-05, 3.480835948721506e-05, 3.9338974602287635e-06, 2.992063673445955e-05],